<?xml version="1.0" encoding="UTF-8"?>
<!DOCTYPE beans PUBLIC "-//SPRING//DTD BEAN//EN" "http://www.springframework.org/dtd/spring-beans.dtd">
<beans default-autowire="byName">

	<bean id="dataKitDataSource" class="com.mchange.v2.c3p0.ComboPooledDataSource" destroy-method="close">
		<property name="driverClass" value="com.microsoft.sqlserver.jdbc.SQLServerDriver"></property>
		<property name="jdbcUrl" value="jdbc:sqlserver://192.168.100.190:1433; DatabaseName=sfyl"></property>
		<property name="user" value="sa"></property>
		<property name="password" value="sf123."></property>
		<property name="maxIdleTime" value="60"></property>
		<property name="maxPoolSize" value="5"></property>
		<property name="minPoolSize" value="2"></property>
		<property name="acquireRetryDelay" value="1000"></property>
		<property name="acquireRetryAttempts" value="60"></property>
		<property name="breakAfterAcquireFailure" value="false"></property>
	</bean>
	<bean id="dataKitSessionFactory" class="org.springframework.orm.hibernate3.LocalSessionFactoryBean">
		<property name="dataSource"><ref bean="dataKitDataSource" /></property>
		<property name="hibernateProperties">
			<props>
				<prop key="hibernate.dialect">org.hibernate.dialect.CTPSQLServerDialect</prop>
				<prop key="current_Session_context_class">thread</prop>
				<prop key="hibernate.show_sql">true</prop>
				<prop key="hibernate.jdbc.fetch_size">50</prop>
				<prop key="hibernate.jdbc.batch_size">30</prop>
				<prop key="javax.persistence.validation.mode">none</prop>
			</props>
		</property>
		<property name="mappingResources">
			<list>
				<value>com/seeyon/apps/datakit/po/OriginalDataObject.hbm.xml</value>
				<value>com/seeyon/apps/datakit/po/BusGetAmountData.hbm.xml</value>
				<value>com/seeyon/apps/datakit/po/DepartmentDataObject.hbm.xml</value>
			</list>
		</property>

	</bean>
	<!--<bean id="dataKitSessionFactory" class="com.cn.hightech.hb.HibernatesecondFactory">-->
		<!--<property name="secondFactory"><ref bean="dataKitSessionFactoryBean" /></property>-->
	<!--</bean>-->
	<!--<bean id="transactionManager_second" class="org.springframework.orm.hibernate4.HibernateTransactionManager">-->
		<!--<property name="secondFactory" ref="secondFactory_second" />-->
	<!--</bean>-->

	<!--<tx:annotation-driven transaction-manager="transactionManager_second"  proxy-target-class="true"/>-->
	<!--<bean id="UserDAO" class="com.cn.hightech.entity.gx.UserDAO">-->
		<!--<property name="secondFactory">-->
			<!--<ref bean="sessionFactory_second" />-->
		<!--</property>-->
	<!--</bean>-->
	<bean id="dataKitDao"
		  class="com.seeyon.apps.datakit.dao.DataKitDao"
		  autowire="byName">
		<property name="dataKitSessionFactory">
			<ref bean="dataKitSessionFactory" />
		</property>
	</bean>
</beans>