{
  "TableList": [
    {
      "Table": [
        {
          "FieldList": [
            {
              "Field": [
                {
                  "classname": "",
                  "display": "id",
                  "fieldlength": "20",
                  "fieldtype": "long",
                  "id": "-4643886548593719790",
                  "is_null": "true",
                  "is_primary": "true",
                  "name": "id"
                },
                {
                  "classname": "",
                  "display": "审核状态",
                  "fieldlength": "10",
                  "fieldtype": "int",
                  "id": "-1111014615946542537",
                  "is_null": "true",
                  "is_primary": "false",
                  "name": "state"
                },
                {
                  "classname": "",
                  "display": "发起人",
                  "fieldlength": "20",
                  "fieldtype": "long",
                  "id": "-1415677515398953761",
                  "is_null": "true",
                  "is_primary": "false",
                  "name": "start_member_id"
                },
                {
                  "classname": "",
                  "display": "发起时间",
                  "fieldlength": "",
                  "fieldtype": "DATETIME",
                  "id": "-2970664284402790422",
                  "is_null": "true",
                  "is_primary": "false",
                  "name": "start_date"
                },
                {
                  "classname": "",
                  "display": "审核人",
                  "fieldlength": "20",
                  "fieldtype": "long",
                  "id": "-5403392012380715058",
                  "is_null": "true",
                  "is_primary": "false",
                  "name": "approve_member_id"
                },
                {
                  "classname": "",
                  "display": "审核时间",
                  "fieldlength": "",
                  "fieldtype": "DATETIME",
                  "id": "-5950461096055452881",
                  "is_null": "true",
                  "is_primary": "false",
                  "name": "approve_date"
                },
                {
                  "classname": "",
                  "display": "流程状态",
                  "fieldlength": "10",
                  "fieldtype": "int",
                  "id": "-572174543067134786",
                  "is_null": "true",
                  "is_primary": "false",
                  "name": "finishedflag"
                },
                {
                  "classname": "",
                  "display": "核定状态",
                  "fieldlength": "10",
                  "fieldtype": "int",
                  "id": "8608473985558335137",
                  "is_null": "true",
                  "is_primary": "false",
                  "name": "ratifyflag"
                },
                {
                  "classname": "",
                  "display": "核定人",
                  "fieldlength": "20",
                  "fieldtype": "long",
                  "id": "-1639180955484471098",
                  "is_null": "true",
                  "is_primary": "false",
                  "name": "ratify_member_id"
                },
                {
                  "classname": "",
                  "display": "核定时间",
                  "fieldlength": "",
                  "fieldtype": "DATETIME",
                  "id": "3515848856835473854",
                  "is_null": "true",
                  "is_primary": "false",
                  "name": "ratify_date"
                },
                {
                  "classname": "",
                  "display": "任务ID",
                  "fieldlength": "255,0",
                  "fieldtype": "VARCHAR",
                  "id": "-7331800426286464024",
                  "is_null": "false",
                  "is_primary": "false",
                  "name": "field0001"
                },
                {
                  "classname": "",
                  "display": "任务来源",
                  "fieldlength": "255,0",
                  "fieldtype": "VARCHAR",
                  "id": "-3559587454865095574",
                  "is_null": "false",
                  "is_primary": "false",
                  "name": "field0002"
                },
                {
                  "classname": "",
                  "display": "任务分级",
                  "fieldlength": "255,0",
                  "fieldtype": "VARCHAR",
                  "id": "8455583687053102655",
                  "is_null": "false",
                  "is_primary": "false",
                  "name": "field0003"
                },
                {
                  "classname": "",
                  "display": "标题",
                  "fieldlength": "255,0",
                  "fieldtype": "VARCHAR",
                  "id": "4657075956682539643",
                  "is_null": "false",
                  "is_primary": "false",
                  "name": "field0004"
                },
                {
                  "classname": "",
                  "display": "办理要求",
                  "fieldlength": "4000,0",
                  "fieldtype": "VARCHAR",
                  "id": "-2190687738089946401",
                  "is_null": "false",
                  "is_primary": "false",
                  "name": "field0005"
                },
                {
                  "classname": "",
                  "display": "任务附件",
                  "fieldlength": "255,0",
                  "fieldtype": "VARCHAR",
                  "id": "8617244485635754415",
                  "is_null": "false",
                  "is_primary": "false",
                  "name": "field0006"
                },
                {
                  "classname": "",
                  "display": "办理时限",
                  "fieldlength": "255,0",
                  "fieldtype": "TIMESTAMP",
                  "id": "-3582421448355066091",
                  "is_null": "false",
                  "is_primary": "false",
                  "name": "field0007"
                },
                {
                  "classname": "",
                  "display": "督办周期",
                  "fieldlength": "255,0",
                  "fieldtype": "VARCHAR",
                  "id": "4931358024954430412",
                  "is_null": "false",
                  "is_primary": "false",
                  "name": "field0008"
                },
                {
                  "classname": "",
                  "display": "督办周期补充",
                  "fieldlength": "255,0",
                  "fieldtype": "VARCHAR",
                  "id": "9049048931023471250",
                  "is_null": "false",
                  "is_primary": "false",
                  "name": "field0009"
                },
                {
                  "classname": "",
                  "display": "责任领导",
                  "fieldlength": "255,0",
                  "fieldtype": "VARCHAR",
                  "id": "-8026214936636406354",
                  "is_null": "false",
                  "is_primary": "false",
                  "name": "field0010"
                },
                {
                  "classname": "",
                  "display": "督办员",
                  "fieldlength": "255,0",
                  "fieldtype": "VARCHAR",
                  "id": "4970871791832613533",
                  "is_null": "false",
                  "is_primary": "false",
                  "name": "field0012"
                },
                {
                  "classname": "",
                  "display": "办结申请事由",
                  "fieldlength": "4000,0",
                  "fieldtype": "VARCHAR",
                  "id": "-3301984032587038030",
                  "is_null": "false",
                  "is_primary": "false",
                  "name": "field0013"
                },
                {
                  "classname": "",
                  "display": "实际办结日期",
                  "fieldlength": "255,0",
                  "fieldtype": "TIMESTAMP",
                  "id": "2369836424171307247",
                  "is_null": "false",
                  "is_primary": "false",
                  "name": "field0014"
                },
                {
                  "classname": "",
                  "display": "领导意见",
                  "fieldlength": "255,0",
                  "fieldtype": "LONGTEXT",
                  "id": "7148527437483754881",
                  "is_null": "false",
                  "is_primary": "false",
                  "name": "field0015"
                },
                {
                  "classname": "",
                  "display": "申请人",
                  "fieldlength": "255,0",
                  "fieldtype": "VARCHAR",
                  "id": "6844550008445748951",
                  "is_null": "false",
                  "is_primary": "false",
                  "name": "field0016"
                },
                {
                  "classname": "",
                  "display": "申请日期",
                  "fieldlength": "255,0",
                  "fieldtype": "TIMESTAMP",
                  "id": "-2332032853445882505",
                  "is_null": "false",
                  "is_primary": "false",
                  "name": "field0017"
                },
                {
                  "classname": "",
                  "display": "完成率",
                  "fieldlength": "20,0",
                  "fieldtype": "DECIMAL",
                  "id": "-1308573217478983324",
                  "is_null": "false",
                  "is_primary": "false",
                  "name": "field0018"
                },
                {
                  "classname": "",
                  "display": "权重",
                  "fieldlength": "255,0",
                  "fieldtype": "VARCHAR",
                  "id": "7352888916840302133",
                  "is_null": "false",
                  "is_primary": "false",
                  "name": "field0011"
                }
              ]
            }
          ],
          "IndexList": "",
          "display": "formmain_0017",
          "id": "-2290970122719967358",
          "name": "formmain_0017",
          "onwerfield": "",
          "onwertable": "",
          "tabletype": "master"
        },
        {
          "FieldList": [
            {
              "Field": [
                {
                  "classname": "",
                  "display": "序号",
                  "fieldlength": "20,0",
                  "fieldtype": "DECIMAL",
                  "id": "9207654404385096996",
                  "is_null": "false",
                  "is_primary": "false",
                  "name": "field0019"
                },
                {
                  "classname": "",
                  "display": "节点任务",
                  "fieldlength": "4000,0",
                  "fieldtype": "VARCHAR",
                  "id": "244664528215952675",
                  "is_null": "false",
                  "is_primary": "false",
                  "name": "field0020"
                },
                {
                  "classname": "",
                  "display": "要求完成时间",
                  "fieldlength": "255,0",
                  "fieldtype": "TIMESTAMP",
                  "id": "3187565514523036768",
                  "is_null": "false",
                  "is_primary": "false",
                  "name": "field0021"
                },
                {
                  "classname": "",
                  "display": "备注",
                  "fieldlength": "4000,0",
                  "fieldtype": "VARCHAR",
                  "id": "8710010486295576595",
                  "is_null": "false",
                  "is_primary": "false",
                  "name": "field0022"
                }
              ]
            }
          ],
          "IndexList": "",
          "display": "group2",
          "id": "-831365739982469932",
          "name": "formson_0018",
          "onwerfield": "formmain_id",
          
          "onwertable": "formmain_0017",
          "tabletype": "slave"
        }
      ],
      "code": "DB_DONE_APPLY",
      "name": "督办结项单"
    }
  ]
}
