{
  "TableList": [
    {
      "Table": [
        {
          "FieldList": [
            {
              "Field": [
                {
                  "barcode": "uuid",
                  "classname": "",
                  "display": "id",
                  "export": "plain",
                  "fieldlength": "20",
                  "fieldtype": "long",
                  "id": "3643937578265954384",
                  "is_null": "true",
                  "is_primary": "true",
                  "name": "id"
                },
                {
                  "classname": "",
                  "display": "",
                  "fieldlength": "10",
                  "fieldtype": "int",
                  "id": "-3025947448419005963",
                  "is_null": "true",
                  "is_primary": "false",
                  "name": "state"
                },
                {
                  "barcode": "createUserId",
                  "export": "plain",
                  "classname": "",
                  "display": "",
                  "fieldlength": "20",
                  "fieldtype": "long",
                  "id": "-75218598403160960",
                  "is_null": "true",
                  "is_primary": "false",
                  "name": "start_member_id"
                },
                {
                  "barcode": "startDate",
                  "export": "plain",
                  "classname": "",
                  "display": "",
                  "fieldlength": "",
                  "fieldtype": "DATETIME",
                  "id": "4809684269355254882",
                  "is_null": "true",
                  "is_primary": "false",
                  "name": "start_date"
                },
                {
                  "classname": "",
                  "display": "",
                  "fieldlength": "20",
                  "fieldtype": "long",
                  "id": "-7469719623217430129",
                  "is_null": "true",
                  "is_primary": "false",
                  "name": "approve_member_id"
                },
                {
                  "classname": "",
                  "display": "",
                  "fieldlength": "",
                  "fieldtype": "DATETIME",
                  "id": "-6698671312153262207",
                  "is_null": "true",
                  "is_primary": "false",
                  "name": "approve_date"
                },
                {
                  "classname": "",
                  "display": "",
                  "fieldlength": "10",
                  "fieldtype": "int",
                  "id": "-6728615613452301147",
                  "is_null": "true",
                  "is_primary": "false",
                  "name": "finishedflag"
                },
                {
                  "classname": "",
                  "display": "",
                  "fieldlength": "10",
                  "fieldtype": "int",
                  "id": "7134656649344535570",
                  "is_null": "true",
                  "is_primary": "false",
                  "name": "ratifyflag"
                },
                {
                  "classname": "",
                  "display": "",
                  "fieldlength": "20",
                  "fieldtype": "long",
                  "id": "-2446410297006208434",
                  "is_null": "true",
                  "is_primary": "false",
                  "name": "ratify_member_id"
                },
                {
                  "classname": "",
                  "display": "",
                  "fieldlength": "",
                  "fieldtype": "DATETIME",
                  "id": "7657184674539192448",
                  "is_null": "true",
                  "is_primary": "false",
                  "name": "ratify_date"
                },
                {
                  "barcode": "taskId",
                  "classname": "",
                  "display": "",
                  "export": "plain",
                  "fieldlength": "255,0",
                  "fieldtype": "VARCHAR",
                  "id": "6652151285298777723",
                  "is_null": "false",
                  "is_primary": "false",
                  "name": "field0001"
                },
                {
                  "barcode": "taskSource",
                  "classname": "",
                  "display": "",
                  "export": "enum",
                  "fieldlength": "255,0",
                  "fieldtype": "VARCHAR",
                  "id": "3886452356577314766",
                  "is_null": "false",
                  "is_primary": "false",
                  "name": "field0002"
                },
                {
                  "barcode": "taskLevel",
                  "classname": "",
                  "display": "",
                  "export": "enum",
                  "fieldlength": "255,0",
                  "fieldtype": "VARCHAR",
                  "id": "-2790000758418093737",
                  "is_null": "false",
                  "is_primary": "false",
                  "name": "field0003"
                },
                {
                  "barcode": "name",
                  "classname": "",
                  "display": "",
                  "export": "plain",
                  "fieldlength": "4000,0",
                  "fieldtype": "VARCHAR",
                  "id": "481470673950297092",
                  "is_null": "false",
                  "is_primary": "false",
                  "name": "field0004"
                },
                {
                  "barcode": "requirement",
                  "export": "plain",
                  "classname": "",
                  "display": "",
                  "fieldlength": "4000,0",
                  "fieldtype": "VARCHAR",
                  "id": "-4940222633777541568",
                  "is_null": "false",
                  "is_primary": "false",
                  "name": "field0005"
                },
                {
                  "classname": "",
                  "display": "",
                  "fieldlength": "255,0",
                  "fieldtype": "VARCHAR",
                  "id": "-5961946701832239775",
                  "is_null": "false",
                  "is_primary": "false",
                  "name": "field0006"
                },
                {
                  "barcode": "endDate",
                  "export": "plain",
                  "classname": "",
                  "display": "",
                  "fieldlength": "255,0",
                  "fieldtype": "TIMESTAMP",
                  "id": "-9151842385023840791",
                  "is_null": "false",
                  "is_primary": "false",
                  "name": "field0007"
                },
                {
                  "barcode": "period",
                  "export": "enum",
                  "classname": "",
                  "display": "",
                  "fieldlength": "255,0",
                  "fieldtype": "VARCHAR",
                  "id": "-7129993582925037456",
                  "is_null": "false",
                  "is_primary": "false",
                  "name": "field0008"
                },
                {
                  "barcode": "mainLeader",
                  "export": "member",
                  "classname": "",
                  "display": "",
                  "fieldlength": "255,0",
                  "fieldtype": "VARCHAR",
                  "id": "-6577364999407713447",
                  "is_null": "false",
                  "is_primary": "false",
                  "name": "field0010"
                },
                {
                  "barcode": "viewLeaderName",
                  "export": "member_list",
                  "classname": "",
                  "display": "",
                  "fieldlength": "4000,0",
                  "fieldtype": "VARCHAR",
                  "id": "1763215026152228455",
                  "is_null": "false",
                  "is_primary": "false",
                  "name": "field0011"
                },
                {
                  "barcode": "supervisor",
                  "export": "member",
                  "classname": "",
                  "display": "",
                  "fieldlength": "255,0",
                  "fieldtype": "VARCHAR",
                  "id": "8343535397624954972",
                  "is_null": "false",
                  "is_primary": "false",
                  "name": "field0012"
                },
                {
                  "barcode": "process",
                  "export": "plain",
                  "classname": "",
                  "display": "",
                  "fieldlength": "20,0",
                  "fieldtype": "DECIMAL",
                  "id": "5493735792368701197",
                  "is_null": "false",
                  "is_primary": "false",
                  "name": "field0013"
                },
                {
                  "barcode": "taskStatus",
                  "export": "enum",
                  "classname": "",
                  "display": "",
                  "fieldlength": "255,0",
                  "fieldtype": "VARCHAR",
                  "id": "1619997103795818397",
                  "is_null": "false",
                  "is_primary": "false",
                  "name": "field0014"
                },
                {
                  "barcode": "finishDate",
                  "export": "plain",
                  "classname": "",
                  "display": "",
                  "fieldlength": "255,0",
                  "fieldtype": "TIMESTAMP",
                  "id": "-270867108977359026",
                  "is_null": "false",
                  "is_primary": "false",
                  "name": "field0015"
                },
                {
                  "barcode": "leaderOpinion",
                  "export": "plain",
                  "classname": "",
                  "display": "",
                  "fieldlength": "4000,0",
                  "fieldtype": "VARCHAR",
                  "id": "1069541043126159227",
                  "is_null": "false",
                  "is_primary": "false",
                  "name": "field0016"
                },
                {
                  "barcode": "mainDeptName",
                  "export": "department",
                  "classname": "",
                  "display": "",
                  "fieldlength": "255,0",
                  "fieldtype": "VARCHAR",
                  "id": "-3440003933259413516",
                  "is_null": "false",
                  "is_primary": "false",
                  "name": "field0017"
                },
                {
                  "barcode": "mainWeight",
                  "export": "plain",
                  "classname": "",
                  "display": "",
                  "fieldlength": "20,0",
                  "fieldtype": "DECIMAL",
                  "id": "4664991750225544635",
                  "is_null": "false",
                  "is_primary": "false",
                  "name": "field0018"
                },
                {
                  "barcode": "mainTaskStatus",
                  "export": "enum",
                  "classname": "",
                  "display": "",
                  "fieldlength": "255,0",
                  "fieldtype": "VARCHAR",
                  "id": "855592968507837039",
                  "is_null": "false",
                  "is_primary": "false",
                  "name": "field0020"
                },
                {
                  "barcode": "mainProcess",
                  "export": "plain",
                  "classname": "",
                  "display": "",
                  "fieldlength": "20,0",
                  "fieldtype": "DECIMAL",
                  "id": "6283289449175860394",
                  "is_null": "false",
                  "is_primary": "false",
                  "name": "field0021"
                },
                {
                  "barcode": "mainTaskFinishDate",
                  "export": "plain",
                  "classname": "",
                  "display": "",
                  "fieldlength": "255,0",
                  "fieldtype": "TIMESTAMP",
                  "id": "8256128748107746151",
                  "is_null": "false",
                  "is_primary": "false",
                  "name": "field0022"
                },
                {
                  "barcode": "slaveDubanTaskList@com.seeyon.apps.duban.po.SlaveDubanTask",
                  "export": "multi_list",
                  "classname": "plain@1@no",
                  "display": "",
                  "fieldlength": "255,0",
                  "fieldtype": "VARCHAR",
                  "id": "4597947870091168083",
                  "is_null": "false",
                  "is_primary": "false",
                  "name": "field0023"
                },
                {
                  "barcode": "slaveDubanTaskList@com.seeyon.apps.duban.po.SlaveDubanTask",
                  "export": "multi_list",
                  "classname": "plain@1@deptName",
                  "display": "",
                  "fieldlength": "255,0",
                  "fieldtype": "VARCHAR",
                  "id": "851547074096549792",
                  "is_null": "false",
                  "is_primary": "false",
                  "name": "field0024"
                },
                {
                  "barcode": "slaveDubanTaskList@com.seeyon.apps.duban.po.SlaveDubanTask",
                  "export": "multi_list",
                  "classname": "plain@1@weight",
                  "display": "",
                  "fieldlength": "20,0",
                  "fieldtype": "DECIMAL",
                  "id": "-5155783774320377307",
                  "is_null": "false",
                  "is_primary": "false",
                  "name": "field0025"
                },
                {
                  "barcode": "slaveDubanTaskList@com.seeyon.apps.duban.po.SlaveDubanTask",
                  "export": "multi_list",
                  "classname": "plain@1@leader",
                  "display": "",
                  "fieldlength": "255,0",
                  "fieldtype": "VARCHAR",
                  "id": "-1204874818796502940",
                  "is_null": "false",
                  "is_primary": "false",
                  "name": "field0026"
                },
                {
                  "barcode": "slaveDubanTaskList@com.seeyon.apps.duban.po.SlaveDubanTask",
                  "export": "multi_list",
                  "classname": "enum@1@taskStatus",
                  "display": "",
                  "fieldlength": "255,0",
                  "fieldtype": "VARCHAR",
                  "id": "-7756234954279596435",
                  "is_null": "false",
                  "is_primary": "false",
                  "name": "field0027"
                },
                {
                  "barcode": "slaveDubanTaskList@com.seeyon.apps.duban.po.SlaveDubanTask",
                  "export": "multi_list",
                  "classname": "plain@1@process",
                  "display": "",
                  "fieldlength": "20,0",
                  "fieldtype": "DECIMAL",
                  "id": "8894780858164593665",
                  "is_null": "false",
                  "is_primary": "false",
                  "name": "field0028"
                },
                {
                  "barcode": "slaveDubanTaskList@com.seeyon.apps.duban.po.SlaveDubanTask",
                  "export": "multi_list",
                  "classname": "plain@1@finishDate",
                  "display": "",
                  "fieldlength": "255,0",
                  "fieldtype": "TIMESTAMP",
                  "id": "-215596974132607300",
                  "is_null": "false",
                  "is_primary": "false",
                  "name": "field0029"
                },
                {
                  "barcode": "slaveDubanTaskList@com.seeyon.apps.duban.po.SlaveDubanTask",
                  "export": "multi_list",
                  "classname": "plain@2@no",
                  "display": "",
                  "fieldlength": "255,0",
                  "fieldtype": "VARCHAR",
                  "id": "5798570641310699343",
                  "is_null": "false",
                  "is_primary": "false",
                  "name": "field0030"
                },
                {
                  "barcode": "slaveDubanTaskList@com.seeyon.apps.duban.po.SlaveDubanTask",
                  "export": "multi_list",
                  "classname": "plain@2@deptName",
                  "display": "",
                  "fieldlength": "255,0",
                  "fieldtype": "VARCHAR",
                  "id": "-2848491580289102972",
                  "is_null": "false",
                  "is_primary": "false",
                  "name": "field0031"
                },
                {
                  "barcode": "slaveDubanTaskList@com.seeyon.apps.duban.po.SlaveDubanTask",
                  "export": "multi_list",
                  "classname": "plain@2@weight",
                  "display": "",
                  "fieldlength": "20,0",
                  "fieldtype": "DECIMAL",
                  "id": "-7722033707998232280",
                  "is_null": "false",
                  "is_primary": "false",
                  "name": "field0032"
                },
                {
                  "barcode": "slaveDubanTaskList@com.seeyon.apps.duban.po.SlaveDubanTask",
                  "export": "multi_list",
                  "classname": "plain@2@leader",
                  "display": "",
                  "fieldlength": "255,0",
                  "fieldtype": "VARCHAR",
                  "id": "5025286884337796653",
                  "is_null": "false",
                  "is_primary": "false",
                  "name": "field0033"
                },
                {
                  "barcode": "slaveDubanTaskList@com.seeyon.apps.duban.po.SlaveDubanTask",
                  "export": "multi_list",
                  "classname": "enum@2@taskStatus",
                  "display": "",
                  "fieldlength": "255,0",
                  "fieldtype": "VARCHAR",
                  "id": "-174588750079373327",
                  "is_null": "false",
                  "is_primary": "false",
                  "name": "field0034"
                },
                {
                  "barcode": "slaveDubanTaskList@com.seeyon.apps.duban.po.SlaveDubanTask",
                  "export": "multi_list",
                  "classname": "plain@2@process",
                  "display": "",
                  "fieldlength": "20,0",
                  "fieldtype": "DECIMAL",
                  "id": "1522889457215292336",
                  "is_null": "false",
                  "is_primary": "false",
                  "name": "field0035"
                },
                {
                  "barcode": "slaveDubanTaskList@com.seeyon.apps.duban.po.SlaveDubanTask",
                  "export": "multi_list",
                  "classname": "plain@2@finishDate",
                  "display": "",
                  "fieldlength": "255,0",
                  "fieldtype": "TIMESTAMP",
                  "id": "-6894249648873255451",
                  "is_null": "false",
                  "is_primary": "false",
                  "name": "field0036"
                },
                {
                  "barcode": "slaveDubanTaskList@com.seeyon.apps.duban.po.SlaveDubanTask",
                  "export": "multi_list",
                  "classname": "plain@3@no",
                  "display": "",
                  "fieldlength": "255,0",
                  "fieldtype": "VARCHAR",
                  "id": "-3573896651073698718",
                  "is_null": "false",
                  "is_primary": "false",
                  "name": "field0037"
                },
                {
                  "barcode": "slaveDubanTaskList@com.seeyon.apps.duban.po.SlaveDubanTask",
                  "export": "multi_list",
                  "classname": "plain@3@deptName",
                  "display": "",
                  "fieldlength": "255,0",
                  "fieldtype": "VARCHAR",
                  "id": "-351244132450417365",
                  "is_null": "false",
                  "is_primary": "false",
                  "name": "field0038"
                },
                {
                  "barcode": "slaveDubanTaskList@com.seeyon.apps.duban.po.SlaveDubanTask",
                  "export": "multi_list",
                  "classname": "plain@3@weight",
                  "display": "",
                  "fieldlength": "20,0",
                  "fieldtype": "DECIMAL",
                  "id": "7099326443852221869",
                  "is_null": "false",
                  "is_primary": "false",
                  "name": "field0039"
                },
                {
                  "barcode": "slaveDubanTaskList@com.seeyon.apps.duban.po.SlaveDubanTask",
                  "export": "multi_list",
                  "classname": "plain@3@leader",
                  "display": "",
                  "fieldlength": "255,0",
                  "fieldtype": "VARCHAR",
                  "id": "-3478897745421121392",
                  "is_null": "false",
                  "is_primary": "false",
                  "name": "field0040"
                },
                {
                  "barcode": "slaveDubanTaskList@com.seeyon.apps.duban.po.SlaveDubanTask",
                  "export": "multi_list",
                  "classname": "enum@3@taskStatus",
                  "display": "",
                  "fieldlength": "255,0",
                  "fieldtype": "VARCHAR",
                  "id": "4791109872000060061",
                  "is_null": "false",
                  "is_primary": "false",
                  "name": "field0041"
                },
                {
                  "barcode": "slaveDubanTaskList@com.seeyon.apps.duban.po.SlaveDubanTask",
                  "export": "multi_list",
                  "classname": "plain@3@process",
                  "display": "",
                  "fieldlength": "20,0",
                  "fieldtype": "DECIMAL",
                  "id": "1675205112882545926",
                  "is_null": "false",
                  "is_primary": "false",
                  "name": "field0042"
                },
                {
                  "barcode": "slaveDubanTaskList@com.seeyon.apps.duban.po.SlaveDubanTask",
                  "export": "multi_list",
                  "classname": "plain@3@finishDate",
                  "display": "",
                  "fieldlength": "255,0",
                  "fieldtype": "TIMESTAMP",
                  "id": "5479720739947365342",
                  "is_null": "false",
                  "is_primary": "false",
                  "name": "field0043"
                },
                {
                  "barcode": "slaveDubanTaskList@com.seeyon.apps.duban.po.SlaveDubanTask",
                  "export": "multi_list",
                  "classname": "plain@4@no",
                  "display": "",
                  "fieldlength": "255,0",
                  "fieldtype": "VARCHAR",
                  "id": "730825969942414467",
                  "is_null": "false",
                  "is_primary": "false",
                  "name": "field0044"
                },
                {
                  "barcode": "slaveDubanTaskList@com.seeyon.apps.duban.po.SlaveDubanTask",
                  "export": "multi_list",
                  "classname": "plain@4@deptName",
                  "display": "",
                  "fieldlength": "255,0",
                  "fieldtype": "VARCHAR",
                  "id": "5570516408316020771",
                  "is_null": "false",
                  "is_primary": "false",
                  "name": "field0045"
                },
                {
                  "barcode": "slaveDubanTaskList@com.seeyon.apps.duban.po.SlaveDubanTask",
                  "export": "multi_list",
                  "classname": "plain@4@weight",
                  "display": "",
                  "fieldlength": "20,0",
                  "fieldtype": "DECIMAL",
                  "id": "-3236276394411671281",
                  "is_null": "false",
                  "is_primary": "false",
                  "name": "field0046"
                },
                {
                  "barcode": "slaveDubanTaskList@com.seeyon.apps.duban.po.SlaveDubanTask",
                  "export": "multi_list",
                  "classname": "plain@4@leader",
                  "display": "3",
                  "fieldlength": "255,0",
                  "fieldtype": "VARCHAR",
                  "id": "8028193814276885939",
                  "is_null": "false",
                  "is_primary": "false",
                  "name": "field0047"
                },
                {
                  "barcode": "slaveDubanTaskList@com.seeyon.apps.duban.po.SlaveDubanTask",
                  "export": "multi_list",
                  "classname": "enum@4@taskStatus",
                  "display": "3",
                  "fieldlength": "255,0",
                  "fieldtype": "VARCHAR",
                  "id": "6397153301639086396",
                  "is_null": "false",
                  "is_primary": "false",
                  "name": "field0048"
                },
                {
                  "barcode": "slaveDubanTaskList@com.seeyon.apps.duban.po.SlaveDubanTask",
                  "export": "multi_list",
                  "classname": "enum@4@taskStatus",
                  "display": "3",
                  "fieldlength": "20,0",
                  "fieldtype": "DECIMAL",
                  "id": "6596205104205678461",
                  "is_null": "false",
                  "is_primary": "false",
                  "name": "field0049"
                },
                {
                  "barcode": "slaveDubanTaskList@com.seeyon.apps.duban.po.SlaveDubanTask",
                  "export": "multi_list",
                  "classname": "plain@4@finishDate",
                  "display": "3",
                  "fieldlength": "255,0",
                  "fieldtype": "TIMESTAMP",
                  "id": "452733491572918025",
                  "is_null": "false",
                  "is_primary": "false",
                  "name": "field0050"
                },
                {
                  "barcode": "slaveDubanTaskList@com.seeyon.apps.duban.po.SlaveDubanTask",
                  "export": "multi_list",
                  "classname": "plain@5@no",
                  "display": "4",
                  "fieldlength": "255,0",
                  "fieldtype": "VARCHAR",
                  "id": "-2217122228430223067",
                  "is_null": "false",
                  "is_primary": "false",
                  "name": "field0051"
                },
                {
                  "barcode": "slaveDubanTaskList@com.seeyon.apps.duban.po.SlaveDubanTask",
                  "export": "multi_list",
                  "classname": "plain@5@deptName",
                  "display": "4",
                  "fieldlength": "255,0",
                  "fieldtype": "VARCHAR",
                  "id": "3101886402864826362",
                  "is_null": "false",
                  "is_primary": "false",
                  "name": "field0052"
                },
                {
                  "barcode": "slaveDubanTaskList@com.seeyon.apps.duban.po.SlaveDubanTask",
                  "export": "multi_list",
                  "classname": "plain@5@weight",
                  "display": "4",
                  "fieldlength": "20,0",
                  "fieldtype": "DECIMAL",
                  "id": "-3203615710481527347",
                  "is_null": "false",
                  "is_primary": "false",
                  "name": "field0053"
                },
                {
                  "barcode": "slaveDubanTaskList@com.seeyon.apps.duban.po.SlaveDubanTask",
                  "export": "multi_list",
                  "classname": "plain@5@leader",
                  "display": "4",
                  "fieldlength": "255,0",
                  "fieldtype": "VARCHAR",
                  "id": "-388456783531847839",
                  "is_null": "false",
                  "is_primary": "false",
                  "name": "field0054"
                },
                {
                  "barcode": "slaveDubanTaskList@com.seeyon.apps.duban.po.SlaveDubanTask",
                  "export": "multi_list",
                  "classname": "enum@5@taskStatus",
                  "display": "4",
                  "fieldlength": "255,0",
                  "fieldtype": "VARCHAR",
                  "id": "-3253844593171938759",
                  "is_null": "false",
                  "is_primary": "false",
                  "name": "field0055"
                },
                {
                  "barcode": "slaveDubanTaskList@com.seeyon.apps.duban.po.SlaveDubanTask",
                  "export": "multi_list",
                  "classname": "plain@5@process",
                  "display": "4",
                  "fieldlength": "20,0",
                  "fieldtype": "DECIMAL",
                  "id": "-3384492170893111567",
                  "is_null": "false",
                  "is_primary": "false",
                  "name": "field0056"
                },
                {
                  "barcode": "slaveDubanTaskList@com.seeyon.apps.duban.po.SlaveDubanTask",
                  "export": "multi_list",
                  "classname": "plain@5@finishDate",
                  "display": "4",
                  "fieldlength": "255,0",
                  "fieldtype": "TIMESTAMP",
                  "id": "2152696889204952923",
                  "is_null": "false",
                  "is_primary": "false",
                  "name": "field0057"
                },
                {
                  "barcode": "slaveDubanTaskList@com.seeyon.apps.duban.po.SlaveDubanTask",
                  "export": "multi_list",
                  "classname": "plain@6@no",
                  "display": "5",
                  "fieldlength": "255,0",
                  "fieldtype": "VARCHAR",
                  "id": "7034950069098923757",
                  "is_null": "false",
                  "is_primary": "false",
                  "name": "field0058"
                },
                {
                  "barcode": "slaveDubanTaskList@com.seeyon.apps.duban.po.SlaveDubanTask",
                  "export": "multi_list",
                  "classname": "plain@6@deptName",
                  "display": "5",
                  "fieldlength": "255,0",
                  "fieldtype": "VARCHAR",
                  "id": "2913414113819250122",
                  "is_null": "false",
                  "is_primary": "false",
                  "name": "field0059"
                },
                {
                  "barcode": "slaveDubanTaskList@com.seeyon.apps.duban.po.SlaveDubanTask",
                  "export": "multi_list",
                  "classname": "plain@6@weight",
                  "display": "5",
                  "fieldlength": "20,0",
                  "fieldtype": "DECIMAL",
                  "id": "1120979329837188667",
                  "is_null": "false",
                  "is_primary": "false",
                  "name": "field0060"
                },
                {
                  "barcode": "slaveDubanTaskList@com.seeyon.apps.duban.po.SlaveDubanTask",
                  "export": "multi_list",
                  "classname": "plain@6@leader",
                  "display": "5",
                  "fieldlength": "255,0",
                  "fieldtype": "VARCHAR",
                  "id": "-7071762516412904107",
                  "is_null": "false",
                  "is_primary": "false",
                  "name": "field0061"
                },
                {
                  "barcode": "slaveDubanTaskList@com.seeyon.apps.duban.po.SlaveDubanTask",
                  "export": "multi_list",
                  "classname": "enum@6@taskStatus",
                  "display": "5",
                  "fieldlength": "255,0",
                  "fieldtype": "VARCHAR",
                  "id": "-8318965042139936011",
                  "is_null": "false",
                  "is_primary": "false",
                  "name": "field0062"
                },
                {
                  "barcode": "slaveDubanTaskList@com.seeyon.apps.duban.po.SlaveDubanTask",
                  "export": "multi_list",
                  "classname": "plain@6@process",
                  "display": "5",
                  "fieldlength": "20,0",
                  "fieldtype": "DECIMAL",
                  "id": "8320977003273276966",
                  "is_null": "false",
                  "is_primary": "false",
                  "name": "field0063"
                },
                {
                  "barcode": "slaveDubanTaskList@com.seeyon.apps.duban.po.SlaveDubanTask",
                  "export": "multi_list",
                  "classname": "plain@6@finishDate",
                  "display": "5",
                  "fieldlength": "255,0",
                  "fieldtype": "TIMESTAMP",
                  "id": "-3257482030333475966",
                  "is_null": "false",
                  "is_primary": "false",
                  "name": "field0064"
                },
                {
                  "barcode": "slaveDubanTaskList@com.seeyon.apps.duban.po.SlaveDubanTask",
                  "export": "multi_list",
                  "classname": "plain@7@no",
                  "display": "6",
                  "fieldlength": "255,0",
                  "fieldtype": "VARCHAR",
                  "id": "7981913161371176609",
                  "is_null": "false",
                  "is_primary": "false",
                  "name": "field0065"
                },
                {
                  "barcode": "slaveDubanTaskList@com.seeyon.apps.duban.po.SlaveDubanTask",
                  "export": "multi_list",
                  "classname": "plain@7@deptName",
                  "display": "6",
                  "fieldlength": "255,0",
                  "fieldtype": "VARCHAR",
                  "id": "5562357205169359702",
                  "is_null": "false",
                  "is_primary": "false",
                  "name": "field0066"
                },
                {
                  "barcode": "slaveDubanTaskList@com.seeyon.apps.duban.po.SlaveDubanTask",
                  "export": "multi_list",
                  "classname": "plain@7@weight",
                  "display": "6",
                  "fieldlength": "20,0",
                  "fieldtype": "DECIMAL",
                  "id": "-25469704635725483",
                  "is_null": "false",
                  "is_primary": "false",
                  "name": "field0067"
                },
                {
                  "barcode": "slaveDubanTaskList@com.seeyon.apps.duban.po.SlaveDubanTask",
                  "export": "multi_list",
                  "classname": "plain@7@leader",
                  "display": "6",
                  "fieldlength": "255,0",
                  "fieldtype": "VARCHAR",
                  "id": "-9024572340788115580",
                  "is_null": "false",
                  "is_primary": "false",
                  "name": "field0068"
                },
                {
                  "barcode": "slaveDubanTaskList@com.seeyon.apps.duban.po.SlaveDubanTask",
                  "export": "multi_list",
                  "classname": "enum@7@taskStatus",
                  "display": "6",
                  "fieldlength": "255,0",
                  "fieldtype": "VARCHAR",
                  "id": "-4677444503304843988",
                  "is_null": "false",
                  "is_primary": "false",
                  "name": "field0069"
                },
                {
                  "barcode": "slaveDubanTaskList@com.seeyon.apps.duban.po.SlaveDubanTask",
                  "export": "multi_list",
                  "classname": "plain@7@process",
                  "display": "6",
                  "fieldlength": "20,0",
                  "fieldtype": "DECIMAL",
                  "id": "-4086416118498572685",
                  "is_null": "false",
                  "is_primary": "false",
                  "name": "field0070"
                },
                {
                  "barcode": "slaveDubanTaskList@com.seeyon.apps.duban.po.SlaveDubanTask",
                  "export": "multi_list",
                  "classname": "plain@7@finishDate",
                  "display": "6",
                  "fieldlength": "255,0",
                  "fieldtype": "TIMESTAMP",
                  "id": "-5106472372231715862",
                  "is_null": "false",
                  "is_primary": "false",
                  "name": "field0071"
                },
                {
                  "barcode": "slaveDubanTaskList@com.seeyon.apps.duban.po.SlaveDubanTask",
                  "export": "multi_list",
                  "classname": "plain@8@no",
                  "display": "7",
                  "fieldlength": "255,0",
                  "fieldtype": "VARCHAR",
                  "id": "-6579131563746376746",
                  "is_null": "false",
                  "is_primary": "false",
                  "name": "field0072"
                },
                {
                  "barcode": "slaveDubanTaskList@com.seeyon.apps.duban.po.SlaveDubanTask",
                  "export": "multi_list",
                  "classname": "plain@8@deptName",
                  "display": "7",
                  "fieldlength": "255,0",
                  "fieldtype": "VARCHAR",
                  "id": "-4184632310180263964",
                  "is_null": "false",
                  "is_primary": "false",
                  "name": "field0073"
                },
                {
                  "barcode": "slaveDubanTaskList@com.seeyon.apps.duban.po.SlaveDubanTask",
                  "export": "multi_list",
                  "classname": "plain@8@weight",
                  "display": "7",
                  "fieldlength": "20,0",
                  "fieldtype": "DECIMAL",
                  "id": "8292028183462364344",
                  "is_null": "false",
                  "is_primary": "false",
                  "name": "field0074"
                },
                {
                  "barcode": "slaveDubanTaskList@com.seeyon.apps.duban.po.SlaveDubanTask",
                  "export": "multi_list",
                  "classname": "plain@8@leader",
                  "display": "7",
                  "fieldlength": "255,0",
                  "fieldtype": "VARCHAR",
                  "id": "1425910795535665319",
                  "is_null": "false",
                  "is_primary": "false",
                  "name": "field0075"
                },
                {
                  "barcode": "slaveDubanTaskList@com.seeyon.apps.duban.po.SlaveDubanTask",
                  "export": "multi_list",
                  "classname": "enum@8@taskStatus",
                  "display": "7",
                  "fieldlength": "255,0",
                  "fieldtype": "VARCHAR",
                  "id": "-6980666921473651431",
                  "is_null": "false",
                  "is_primary": "false",
                  "name": "field0076"
                },
                {
                  "barcode": "slaveDubanTaskList@com.seeyon.apps.duban.po.SlaveDubanTask",
                  "export": "multi_list",
                  "classname": "plain@8@process",
                  "display": "7",
                  "fieldlength": "20,0",
                  "fieldtype": "DECIMAL",
                  "id": "-4998508301123960023",
                  "is_null": "false",
                  "is_primary": "false",
                  "name": "field0077"
                },
                {
                  "barcode": "slaveDubanTaskList@com.seeyon.apps.duban.po.SlaveDubanTask",
                  "export": "multi_list",
                  "classname": "plain@8@finishDate",
                  "display": "7",
                  "fieldlength": "255,0",
                  "fieldtype": "TIMESTAMP",
                  "id": "-355081808155292811",
                  "is_null": "false",
                  "is_primary": "false",
                  "name": "field0078"
                },
                {
                  "barcode": "slaveDubanTaskList@com.seeyon.apps.duban.po.SlaveDubanTask",
                  "export": "multi_list",
                  "classname": "plain@9@no",
                  "display": "8",
                  "fieldlength": "255,0",
                  "fieldtype": "VARCHAR",
                  "id": "4874475188040649461",
                  "is_null": "false",
                  "is_primary": "false",
                  "name": "field0079"
                },
                {
                  "barcode": "slaveDubanTaskList@com.seeyon.apps.duban.po.SlaveDubanTask",
                  "export": "multi_list",
                  "classname": "plain@9@deptName",
                  "display": "8",
                  "fieldlength": "255,0",
                  "fieldtype": "VARCHAR",
                  "id": "6302656959583831642",
                  "is_null": "false",
                  "is_primary": "false",
                  "name": "field0080"
                },
                {
                  "barcode": "slaveDubanTaskList@com.seeyon.apps.duban.po.SlaveDubanTask",
                  "export": "multi_list",
                  "classname": "plain@9@weight",
                  "display": "8",
                  "fieldlength": "20,0",
                  "fieldtype": "DECIMAL",
                  "id": "-4326359780811849281",
                  "is_null": "false",
                  "is_primary": "false",
                  "name": "field0081"
                },
                {
                  "barcode": "slaveDubanTaskList@com.seeyon.apps.duban.po.SlaveDubanTask",
                  "export": "multi_list",
                  "classname": "plain@9@leader",
                  "display": "8",
                  "fieldlength": "255,0",
                  "fieldtype": "VARCHAR",
                  "id": "-4070767082262869130",
                  "is_null": "false",
                  "is_primary": "false",
                  "name": "field0082"
                },
                {
                  "barcode": "slaveDubanTaskList@com.seeyon.apps.duban.po.SlaveDubanTask",
                  "export": "multi_list",
                  "classname": "enum@9@taskStatus",
                  "display": "8",
                  "fieldlength": "255,0",
                  "fieldtype": "VARCHAR",
                  "id": "6865826248244807184",
                  "is_null": "false",
                  "is_primary": "false",
                  "name": "field0083"
                },
                {
                  "barcode": "slaveDubanTaskList@com.seeyon.apps.duban.po.SlaveDubanTask",
                  "export": "multi_list",
                  "classname": "plain@9@process",
                  "display": "8",
                  "fieldlength": "20,0",
                  "fieldtype": "DECIMAL",
                  "id": "-6042207408893771311",
                  "is_null": "false",
                  "is_primary": "false",
                  "name": "field0084"
                },
                {
                  "barcode": "slaveDubanTaskList@com.seeyon.apps.duban.po.SlaveDubanTask",
                  "export": "multi_list",
                  "classname": "plain@9@finishDate",
                  "display": "8",
                  "fieldlength": "255,0",
                  "fieldtype": "TIMESTAMP",
                  "id": "8065928642098383743",
                  "is_null": "false",
                  "is_primary": "false",
                  "name": "field0085"
                },
                {
                  "barcode": "slaveDubanTaskList@com.seeyon.apps.duban.po.SlaveDubanTask",
                  "export": "multi_list",
                  "classname": "plain@10@no",
                  "display": "9",
                  "fieldlength": "255,0",
                  "fieldtype": "VARCHAR",
                  "id": "-6793534423171972758",
                  "is_null": "false",
                  "is_primary": "false",
                  "name": "field0086"
                },
                {
                  "barcode": "slaveDubanTaskList@com.seeyon.apps.duban.po.SlaveDubanTask",
                  "export": "multi_list",
                  "classname": "plain@10@deptName",
                  "display": "9",
                  "fieldlength": "255,0",
                  "fieldtype": "VARCHAR",
                  "id": "1134947502267122789",
                  "is_null": "false",
                  "is_primary": "false",
                  "name": "field0087"
                },
                {
                  "barcode": "slaveDubanTaskList@com.seeyon.apps.duban.po.SlaveDubanTask",
                  "export": "multi_list",
                  "classname": "plain@10@weight",
                  "display": "9",
                  "fieldlength": "20,0",
                  "fieldtype": "DECIMAL",
                  "id": "8536862866074911339",
                  "is_null": "false",
                  "is_primary": "false",
                  "name": "field0088"
                },
                {
                  "barcode": "slaveDubanTaskList@com.seeyon.apps.duban.po.SlaveDubanTask",
                  "export": "multi_list",
                  "classname": "plain@10@leader",
                  "display": "9",
                  "fieldlength": "255,0",
                  "fieldtype": "VARCHAR",
                  "id": "9130016005957503182",
                  "is_null": "false",
                  "is_primary": "false",
                  "name": "field0089"
                },
                {
                  "barcode": "slaveDubanTaskList@com.seeyon.apps.duban.po.SlaveDubanTask",
                  "export": "multi_list",
                  "classname": "enum@10@taskStatus",
                  "display": "9",
                  "fieldlength": "255,0",
                  "fieldtype": "VARCHAR",
                  "id": "7391026564647830878",
                  "is_null": "false",
                  "is_primary": "false",
                  "name": "field0090"
                },
                {
                  "barcode": "slaveDubanTaskList@com.seeyon.apps.duban.po.SlaveDubanTask",
                  "export": "multi_list",
                  "classname": "plain@10@process",
                  "display": "",
                  "fieldlength": "20,0",
                  "fieldtype": "DECIMAL",
                  "id": "403967755863081956",
                  "is_null": "false",
                  "is_primary": "false",
                  "name": "field0091"
                },
                {
                  "barcode": "slaveDubanTaskList@com.seeyon.apps.duban.po.SlaveDubanTask",
                  "export": "multi_list",
                  "classname": "plain@10@finishDate",
                  "display": "9",
                  "fieldlength": "255,0",
                  "fieldtype": "TIMESTAMP",
                  "id": "-2485962126578269089",
                  "is_null": "false",
                  "is_primary": "false",
                  "name": "field0092"
                },
                {
                  "barcode": "taskDescription",
                  "export": "plain",
                  "classname": "",
                  "display": "",
                  "fieldlength": "4000,0",
                  "fieldtype": "VARCHAR",
                  "id": "5931637008796829123",
                  "is_null": "false",
                  "is_primary": "false",
                  "name": "field0093"
                },
                {
                  "classname": "",
                  "display": "0",
                  "fieldlength": "4000,0",
                  "fieldtype": "VARCHAR",
                  "id": "-7635268950696833917",
                  "is_null": "false",
                  "is_primary": "false",
                  "name": "field0094"
                },
                {
                  "classname": "",
                  "display": "0",
                  "fieldlength": "255,0",
                  "fieldtype": "VARCHAR",
                  "id": "-8220009172251361265",
                  "is_null": "false",
                  "is_primary": "false",
                  "name": "field0095"
                },
                {
                  "classname": "",
                  "display": "0",
                  "fieldlength": "255,0",
                  "fieldtype": "VARCHAR",
                  "id": "-5793558129069372100",
                  "is_null": "false",
                  "is_primary": "false",
                  "name": "field0096"
                },
                {
                  "classname": "",
                  "display": "0",
                  "fieldlength": "255,0",
                  "fieldtype": "TIMESTAMP",
                  "id": "9102046227161628917",
                  "is_null": "false",
                  "is_primary": "false",
                  "name": "field0097"
                },
                {
                  "classname": "",
                  "display": "1",
                  "fieldlength": "4000,0",
                  "fieldtype": "VARCHAR",
                  "id": "-8510281106438926612",
                  "is_null": "false",
                  "is_primary": "false",
                  "name": "field0098"
                },
                {
                  "classname": "",
                  "display": "1",
                  "fieldlength": "255,0",
                  "fieldtype": "VARCHAR",
                  "id": "1180627183748008508",
                  "is_null": "false",
                  "is_primary": "false",
                  "name": "field0099"
                },
                {
                  "classname": "",
                  "display": "1",
                  "fieldlength": "255,0",
                  "fieldtype": "VARCHAR",
                  "id": "-7747277798235028909",
                  "is_null": "false",
                  "is_primary": "false",
                  "name": "field0100"
                },
                {
                  "classname": "",
                  "display": "1",
                  "fieldlength": "255,0",
                  "fieldtype": "TIMESTAMP",
                  "id": "5921615474100814211",
                  "is_null": "false",
                  "is_primary": "false",
                  "name": "field0101"
                },
                {
                  "classname": "",
                  "display": "",
                  "fieldlength": "4000,0",
                  "fieldtype": "VARCHAR",
                  "id": "7844540265774466236",
                  "is_null": "false",
                  "is_primary": "false",
                  "name": "field0102"
                },
                {
                  "classname": "",
                  "display": "-",
                  "fieldlength": "255,0",
                  "fieldtype": "VARCHAR",
                  "id": "-7154173683536936345",
                  "is_null": "false",
                  "is_primary": "false",
                  "name": "field0103"
                },
                {
                  "classname": "",
                  "display": "-",
                  "fieldlength": "255,0",
                  "fieldtype": "VARCHAR",
                  "id": "-5101800300556301014",
                  "is_null": "false",
                  "is_primary": "false",
                  "name": "field0104"
                },
                {
                  "classname": "",
                  "display": "-",
                  "fieldlength": "255,0",
                  "fieldtype": "TIMESTAMP",
                  "id": "-7473803638994943084",
                  "is_null": "false",
                  "is_primary": "false",
                  "name": "field0105"
                },
                {
                  "classname": "",
                  "display": "2",
                  "fieldlength": "4000,0",
                  "fieldtype": "VARCHAR",
                  "id": "3402766281594261412",
                  "is_null": "false",
                  "is_primary": "false",
                  "name": "field0106"
                },
                {
                  "classname": "",
                  "display": "2",
                  "fieldlength": "255,0",
                  "fieldtype": "VARCHAR",
                  "id": "-5887926954240424433",
                  "is_null": "false",
                  "is_primary": "false",
                  "name": "field0107"
                },
                {
                  "classname": "",
                  "display": "2",
                  "fieldlength": "255,0",
                  "fieldtype": "VARCHAR",
                  "id": "4348194930116021080",
                  "is_null": "false",
                  "is_primary": "false",
                  "name": "field0108"
                },
                {
                  "classname": "",
                  "display": "2",
                  "fieldlength": "255,0",
                  "fieldtype": "TIMESTAMP",
                  "id": "-8649626331203877079",
                  "is_null": "false",
                  "is_primary": "false",
                  "name": "field0109"
                },
                {
                  "classname": "",
                  "display": "3",
                  "fieldlength": "4000,0",
                  "fieldtype": "VARCHAR",
                  "id": "2319971232815597944",
                  "is_null": "false",
                  "is_primary": "false",
                  "name": "field0110"
                },
                {
                  "classname": "",
                  "display": "3",
                  "fieldlength": "255,0",
                  "fieldtype": "VARCHAR",
                  "id": "-5869722078745116083",
                  "is_null": "false",
                  "is_primary": "false",
                  "name": "field0111"
                },
                {
                  "classname": "",
                  "display": "3",
                  "fieldlength": "255,0",
                  "fieldtype": "VARCHAR",
                  "id": "-2698195864487312224",
                  "is_null": "false",
                  "is_primary": "false",
                  "name": "field0112"
                },
                {
                  "classname": "",
                  "display": "3",
                  "fieldlength": "255,0",
                  "fieldtype": "TIMESTAMP",
                  "id": "-96877587194819553",
                  "is_null": "false",
                  "is_primary": "false",
                  "name": "field0113"
                },
                {
                  "classname": "",
                  "display": "4",
                  "fieldlength": "4000,0",
                  "fieldtype": "VARCHAR",
                  "id": "8341429661110914536",
                  "is_null": "false",
                  "is_primary": "false",
                  "name": "field0114"
                },
                {
                  "classname": "",
                  "display": "4",
                  "fieldlength": "255,0",
                  "fieldtype": "VARCHAR",
                  "id": "-918036492594755285",
                  "is_null": "false",
                  "is_primary": "false",
                  "name": "field0115"
                },
                {
                  "classname": "",
                  "display": "4",
                  "fieldlength": "255,0",
                  "fieldtype": "VARCHAR",
                  "id": "-7963864912468096626",
                  "is_null": "false",
                  "is_primary": "false",
                  "name": "field0116"
                },
                {
                  "classname": "",
                  "display": "4",
                  "fieldlength": "255,0",
                  "fieldtype": "TIMESTAMP",
                  "id": "3379251255764011619",
                  "is_null": "false",
                  "is_primary": "false",
                  "name": "field0117"
                },
                {
                  "classname": "",
                  "display": "5",
                  "fieldlength": "4000,0",
                  "fieldtype": "VARCHAR",
                  "id": "2104062747449771072",
                  "is_null": "false",
                  "is_primary": "false",
                  "name": "field0118"
                },
                {
                  "classname": "",
                  "display": "5",
                  "fieldlength": "255,0",
                  "fieldtype": "VARCHAR",
                  "id": "-1433996764446965427",
                  "is_null": "false",
                  "is_primary": "false",
                  "name": "field0119"
                },
                {
                  "classname": "",
                  "display": "5",
                  "fieldlength": "255,0",
                  "fieldtype": "VARCHAR",
                  "id": "-6205839892934933647",
                  "is_null": "false",
                  "is_primary": "false",
                  "name": "field0120"
                },
                {
                  "classname": "",
                  "display": "5",
                  "fieldlength": "255,0",
                  "fieldtype": "TIMESTAMP",
                  "id": "-7430342455423317425",
                  "is_null": "false",
                  "is_primary": "false",
                  "name": "field0121"
                },
                {
                  "classname": "",
                  "display": "6",
                  "fieldlength": "4000,0",
                  "fieldtype": "VARCHAR",
                  "id": "3142116679298796025",
                  "is_null": "false",
                  "is_primary": "false",
                  "name": "field0122"
                },
                {
                  "classname": "",
                  "display": "6",
                  "fieldlength": "255,0",
                  "fieldtype": "VARCHAR",
                  "id": "-7809347237054691681",
                  "is_null": "false",
                  "is_primary": "false",
                  "name": "field0123"
                },
                {
                  "classname": "",
                  "display": "6",
                  "fieldlength": "255,0",
                  "fieldtype": "VARCHAR",
                  "id": "-6476255270948617206",
                  "is_null": "false",
                  "is_primary": "false",
                  "name": "field0124"
                },
                {
                  "classname": "",
                  "display": "6",
                  "fieldlength": "255,0",
                  "fieldtype": "TIMESTAMP",
                  "id": "1804587889932322625",
                  "is_null": "false",
                  "is_primary": "false",
                  "name": "field0125"
                },
                {
                  "classname": "",
                  "display": "7",
                  "fieldlength": "4000,0",
                  "fieldtype": "VARCHAR",
                  "id": "-2652585950290490130",
                  "is_null": "false",
                  "is_primary": "false",
                  "name": "field0126"
                },
                {
                  "classname": "",
                  "display": "7",
                  "fieldlength": "255,0",
                  "fieldtype": "VARCHAR",
                  "id": "6899237222189188482",
                  "is_null": "false",
                  "is_primary": "false",
                  "name": "field0127"
                },
                {
                  "classname": "",
                  "display": "7",
                  "fieldlength": "255,0",
                  "fieldtype": "VARCHAR",
                  "id": "1246193466357862145",
                  "is_null": "false",
                  "is_primary": "false",
                  "name": "field0128"
                },
                {
                  "classname": "",
                  "display": "7",
                  "fieldlength": "255,0",
                  "fieldtype": "TIMESTAMP",
                  "id": "2163356110623097852",
                  "is_null": "false",
                  "is_primary": "false",
                  "name": "field0129"
                },
                {
                  "classname": "",
                  "display": "8",
                  "fieldlength": "4000,0",
                  "fieldtype": "VARCHAR",
                  "id": "-6153813456585997371",
                  "is_null": "false",
                  "is_primary": "false",
                  "name": "field0130"
                },
                {
                  "classname": "",
                  "display": "8",
                  "fieldlength": "255,0",
                  "fieldtype": "VARCHAR",
                  "id": "-3186032927628310539",
                  "is_null": "false",
                  "is_primary": "false",
                  "name": "field0131"
                },
                {
                  "classname": "",
                  "display": "8",
                  "fieldlength": "255,0",
                  "fieldtype": "VARCHAR",
                  "id": "-4289955257841924145",
                  "is_null": "false",
                  "is_primary": "false",
                  "name": "field0132"
                },
                {
                  "classname": "",
                  "display": "8",
                  "fieldlength": "255,0",
                  "fieldtype": "TIMESTAMP",
                  "id": "4884740176080489470",
                  "is_null": "false",
                  "is_primary": "false",
                  "name": "field0133"
                },
                {
                  "classname": "",
                  "display": "9",
                  "fieldlength": "4000,0",
                  "fieldtype": "VARCHAR",
                  "id": "7022197846581986030",
                  "is_null": "false",
                  "is_primary": "false",
                  "name": "field0134"
                },
                {
                  "classname": "",
                  "display": "9",
                  "fieldlength": "255,0",
                  "fieldtype": "TIMESTAMP",
                  "id": "-7923328512067091850",
                  "is_null": "false",
                  "is_primary": "false",
                  "name": "field0135"
                },
                {
                  "classname": "",
                  "display": "9",
                  "fieldlength": "255,0",
                  "fieldtype": "VARCHAR",
                  "id": "-611450810660926228",
                  "is_null": "false",
                  "is_primary": "false",
                  "name": "field0136"
                },
                {
                  "classname": "",
                  "display": "9",
                  "fieldlength": "255,0",
                  "fieldtype": "VARCHAR",
                  "id": "-4381179007623740062",
                  "is_null": "false",
                  "is_primary": "false",
                  "name": "field0137"
                },
                {
                  "classname": "",
                  "display": "",
                  "fieldlength": "255,0",
                  "fieldtype": "VARCHAR",
                  "id": "-7412132566575527253",
                  "is_null": "false",
                  "is_primary": "false",
                  "name": "field0142"
                },
                {
                  "classname": "",
                  "display": "",
                  "fieldlength": "255,0",
                  "fieldtype": "VARCHAR",
                  "id": "-2411673908209431152",
                  "is_null": "false",
                  "is_primary": "false",
                  "name": "field0009"
                },
                {
                  "classname": "",
                  "display": "",
                  "fieldlength": "255,0",
                  "fieldtype": "VARCHAR",
                  "id": "1747614018594292408",
                  "is_null": "false",
                  "is_primary": "false",
                  "name": "field0019"
                }
              ]
            }
          ],
          "IndexList": "",
          "display": "formmain_0029",
          "id": "-7622193254226967153",
          "name": "formmain_0029",
          "onwerfield": "",
          "onwertable": "",
          "tabletype": "master"
        },
        {
          "FieldList": [
            {
              "Field": [
                {
                  "classname": "",
                  "display": "",
                  "fieldlength": "20,0",
                  "fieldtype": "DECIMAL",
                  "id": "-7534010586069318981",
                  "is_null": "false",
                  "is_primary": "false",
                  "name": "field0138"
                },
                {
                  "classname": "",
                  "display": "",
                  "fieldlength": "4000,0",
                  "fieldtype": "VARCHAR",
                  "id": "3585358327418865404",
                  "is_null": "false",
                  "is_primary": "false",
                  "name": "field0139"
                },
                {
                  "classname": "",
                  "display": "",
                  "fieldlength": "255,0",
                  "fieldtype": "TIMESTAMP",
                  "id": "4798942326858272608",
                  "is_null": "false",
                  "is_primary": "false",
                  "name": "field0140"
                },
                {
                  "classname": "",
                  "display": "",
                  "fieldlength": "4000,0",
                  "fieldtype": "VARCHAR",
                  "id": "4570670231767957822",
                  "is_null": "false",
                  "is_primary": "false",
                  "name": "field0141"
                }
              ]
            }
          ],
          "IndexList": "",
          "display": "group2",
          "id": "-851379743966150314",
          "name": "formson_0030",
          "onwerfield": "formmain_id",
          "onwertable": "formmain_0029",
          "tabletype": "slave"
        }
      ],
      "code": "DB_TASK",
      "name": "DUBAN_DIBIAO"
    }
  ]
}
